[{
  "_id": {
    "$oid": "63babff867916856892e614a"
  },
  "name": "Tom Cruise",
  "about": "Thomas Cruise Mapother IV, known professionally as Tom Cruise, is an American actor and producer. One of the world's highest-paid actors, he has received various accolades, including an Honorary Palme d'Or and three Golden Globe Awards, in addition to nominations for three Academy Awards",
  "gender": "male",
  "avatar": {
    "url": "https://res.cloudinary.com/docnb0hst/image/upload/v1673183225/brud5b4u2le2lpkuijvw.jpg",
    "public_id": "brud5b4u2le2lpkuijvw"
  },
  "createdAt": {
    "$date": {
      "$numberLong": "1673183226704"
    }
  },
  "updatedAt": {
    "$date": {
      "$numberLong": "1673183226704"
    }
  },
  "__v": 0
},{
  "_id": {
    "$oid": "63bac1c58b2c84170b0cc4d2"
  },
  "name": "Jennifer Lawrence",
  "about": "Jennifer Shrader Lawrence is an American actress. The world's highest-paid actress in 2015 and 2016, her films have grossed over $6 billion worldwide to date. She appeared in Time's 100 most influential people in the world list in 2013 and the Forbes Celebrity 100 list from 2013 to 2016",
  "gender": "female",
  "avatar": {
    "url": "https://res.cloudinary.com/docnb0hst/image/upload/v1673183686/qgeajjj0psk42s6xeay9.jpg",
    "public_id": "qgeajjj0psk42s6xeay9"
  },
  "createdAt": {
    "$date": {
      "$numberLong": "1673183687317"
    }
  },
  "updatedAt": {
    "$date": {
      "$numberLong": "1673183687317"
    }
  },
  "__v": 0
},{
  "_id": {
    "$oid": "63bac4438b2c84170b0cc4d5"
  },
  "name": "Leonardo Di Caprio",
  "about": "Leonardo Wilhelm DiCaprio is an American actor and film producer. Known for his work as a leading man in biopics and period films, he is the recipient of numerous accolades, including an Academy Award, a British Academy Film Award, and three Golden Globe Awards.",
  "gender": "male",
  "avatar": {
    "url": "https://res.cloudinary.com/docnb0hst/image/upload/v1673184324/arm8zjfhjhewkmipxbho.jpg",
    "public_id": "arm8zjfhjhewkmipxbho"
  },
  "createdAt": {
    "$date": {
      "$numberLong": "1673184325659"
    }
  },
  "updatedAt": {
    "$date": {
      "$numberLong": "1673184325659"
    }
  },
  "__v": 0
},{
  "_id": {
    "$oid": "63bac5058b2c84170b0cc4d8"
  },
  "name": "Keira Knightly",
  "about": "Keira Christina Righton OBE is an English actress. Known for her work in both independent films and blockbusters, particularly period dramas, she has received several accolades, including nominations for two Academy Awards, three British Academy Film Awards, and a Laurence Olivier Award",
  "gender": "female",
  "avatar": {
    "url": "https://res.cloudinary.com/docnb0hst/image/upload/v1673184521/fy2eumf0wineebpzgpf4.jpg",
    "public_id": "fy2eumf0wineebpzgpf4"
  },
  "createdAt": {
    "$date": {
      "$numberLong": "1673184522461"
    }
  },
  "updatedAt": {
    "$date": {
      "$numberLong": "1673184522461"
    }
  },
  "__v": 0
},{
  "_id": {
    "$oid": "63bac5498b2c84170b0cc4db"
  },
  "name": "Brad Pitt",
  "about": "William Bradley Pitt is an American actor and film producer. He is the recipient of various accolades, including two Academy Awards, a British Academy Film Award, two Golden Globe Awards, and a Primetime Emmy Award.",
  "gender": "male",
  "avatar": {
    "url": "https://res.cloudinary.com/docnb0hst/image/upload/v1673184586/frpwpkglani8m3cqqtwl.jpg",
    "public_id": "frpwpkglani8m3cqqtwl"
  },
  "createdAt": {
    "$date": {
      "$numberLong": "1673184586920"
    }
  },
  "updatedAt": {
    "$date": {
      "$numberLong": "1673184586920"
    }
  },
  "__v": 0
},{
  "_id": {
    "$oid": "63bc2e39adc7f243cc378e21"
  },
  "name": "James Cameron",
  "about": "James Francis Cameron CC is a Canadian filmmaker. A major figure in the post-New Hollywood era, he is considered one of the industry's most innovative filmmakers, regularly pushing the boundaries of cinematic capability with his use of novel technologies",
  "gender": "male",
  "avatar": {
    "url": "https://res.cloudinary.com/docnb0hst/image/upload/v1673276986/yy8myihwdvxepxohg1oh.jpg",
    "public_id": "yy8myihwdvxepxohg1oh"
  },
  "createdAt": {
    "$date": {
      "$numberLong": "1673276986883"
    }
  },
  "updatedAt": {
    "$date": {
      "$numberLong": "1673276986883"
    }
  },
  "__v": 0
},{
  "_id": {
    "$oid": "63bc2ebaadc7f243cc378e32"
  },
  "name": "Kate Winslet",
  "about": "Kate Elizabeth Winslet CBE is an English actress. Known for her work in independent films, particularly period dramas, and for her portrayals of headstrong and complicated women, she has received numerous",
  "gender": "female",
  "avatar": {
    "url": "https://res.cloudinary.com/docnb0hst/image/upload/v1673277115/edduckkbggw43djdt71p.jpg",
    "public_id": "edduckkbggw43djdt71p"
  },
  "createdAt": {
    "$date": {
      "$numberLong": "1673277115625"
    }
  },
  "updatedAt": {
    "$date": {
      "$numberLong": "1673277115625"
    }
  },
  "__v": 0
},{
  "_id": {
    "$oid": "63bc3070adc7f243cc378e3c"
  },
  "name": "Joseph Kosinski",
  "about": "Joseph Kosinski is an American film director best known for his computer graphics and computer-generated imagery work, and for his work in action films. He made his big-screen directorial debut with the 2010 science fiction film Tron: Legacy, the sequel to the 1982 film Tron.",
  "gender": "male",
  "avatar": {
    "url": "https://res.cloudinary.com/docnb0hst/image/upload/v1673277553/yidd7x6jb4blanspzygb.jpg",
    "public_id": "yidd7x6jb4blanspzygb"
  },
  "createdAt": {
    "$date": {
      "$numberLong": "1673277553952"
    }
  },
  "updatedAt": {
    "$date": {
      "$numberLong": "1673277553952"
    }
  },
  "__v": 0
},{
  "_id": {
    "$oid": "63bed7d39e83dd96c6bdb545"
  },
  "name": "Margot Robbie",
  "about": "Margot Elise Robbie is an Australian actress and producer. Known for her work in both blockbuster and independent films, she has received several accolades, including nominations for two Academy Awards, four Golden Globe Awards, and five British Academy Film Awards",
  "gender": "female",
  "avatar": {
    "url": "https://res.cloudinary.com/docnb0hst/image/upload/v1673451476/v7vw4bsxx1ufkboc9ihz.jpg",
    "public_id": "v7vw4bsxx1ufkboc9ihz"
  },
  "createdAt": {
    "$date": {
      "$numberLong": "1673451476619"
    }
  },
  "updatedAt": {
    "$date": {
      "$numberLong": "1673451476619"
    }
  },
  "__v": 0
},{
  "_id": {
    "$oid": "63bed8199e83dd96c6bdb548"
  },
  "name": "Quentin Tarantino",
  "about": "Quentin Jerome Tarantino is an American film director, writer, producer, and actor. His films are characterized by frequent references to popular culture and film genres, non-linear storylines, dark humor, stylized violence, extended dialogue, pervasive use of profanity, cameos and ensemble casts",
  "gender": "male",
  "avatar": {
    "url": "https://res.cloudinary.com/docnb0hst/image/upload/v1673451546/wfs59lf2korr5vejluj9.jpg",
    "public_id": "wfs59lf2korr5vejluj9"
  },
  "createdAt": {
    "$date": {
      "$numberLong": "1673451547317"
    }
  },
  "updatedAt": {
    "$date": {
      "$numberLong": "1673451547317"
    }
  },
  "__v": 0
},{
  "_id": {
    "$oid": "63bed86b9e83dd96c6bdb54b"
  },
  "name": "Martin Scorsese",
  "about": "Martin Charles Scorsese is an American film director, producer, screenwriter and actor. Scorsese emerged as one of the major figures of the New Hollywood era.",
  "gender": "male",
  "avatar": {
    "url": "https://res.cloudinary.com/docnb0hst/image/upload/v1673451628/di94x7rqpccll9h2efu0.jpg",
    "public_id": "di94x7rqpccll9h2efu0"
  },
  "createdAt": {
    "$date": {
      "$numberLong": "1673451629210"
    }
  },
  "updatedAt": {
    "$date": {
      "$numberLong": "1673451629210"
    }
  },
  "__v": 0
},{
  "_id": {
    "$oid": "63bedab09e83dd96c6bdb593"
  },
  "name": "Gary Ross",
  "about": "Gary Ross is an American film director, writer, and producer. He is best known for writing and directing the fantasy comedy-drama film Pleasantville, the sports drama film Seabiscuit, the sci-fi action film The Hunger Games, and the heist comedy film Ocean's 8. Ross has been nominated for four Academy Awards.",
  "gender": "male",
  "avatar": {
    "url": "https://res.cloudinary.com/docnb0hst/image/upload/v1673452210/zn6uof7dddwcsk3pnxtr.jpg",
    "public_id": "zn6uof7dddwcsk3pnxtr"
  },
  "createdAt": {
    "$date": {
      "$numberLong": "1673452211070"
    }
  },
  "updatedAt": {
    "$date": {
      "$numberLong": "1673452211070"
    }
  },
  "__v": 0
},{
  "_id": {
    "$oid": "63bedaed9e83dd96c6bdb596"
  },
  "name": "Benedict Cumberbatch",
  "about": "Benedict Timothy Carlton Cumberbatch is an English actor. Known for his work on screen and stage, he has received various accolades, including a British Academy Television Award, a Primetime Emmy Award and a Laurence Olivier Award.",
  "gender": "male",
  "avatar": {
    "url": "https://res.cloudinary.com/docnb0hst/image/upload/v1673452270/uyt86kkojmj4tnevcqd3.jpg",
    "public_id": "uyt86kkojmj4tnevcqd3"
  },
  "createdAt": {
    "$date": {
      "$numberLong": "1673452271333"
    }
  },
  "updatedAt": {
    "$date": {
      "$numberLong": "1673524128542"
    }
  },
  "__v": 0
},{
  "_id": {
    "$oid": "63bedb669e83dd96c6bdb599"
  },
  "name": "Morten Tyldum",
  "about": "Morten Tyldum is a Norwegian film director. He is best known in his native Norway for directing the thriller film Headhunters, based on the novel by Jo Nesbø, and internationally for directing.",
  "gender": "male",
  "avatar": {
    "url": "https://res.cloudinary.com/docnb0hst/image/upload/v1673452391/vwpttzf5oioade8oj2zl.jpg",
    "public_id": "vwpttzf5oioade8oj2zl"
  },
  "createdAt": {
    "$date": {
      "$numberLong": "1673452391848"
    }
  },
  "updatedAt": {
    "$date": {
      "$numberLong": "1673452391848"
    }
  },
  "__v": 0
},{
  "_id": {
    "$oid": "63bedb909e83dd96c6bdb59c"
  },
  "name": "Chris Pratt",
  "about": "Christopher Michael Pratt is an American actor. He rose to prominence for playing Andy Dwyer in the NBC sitcom Parks and Recreation. He also appeared in The WB drama series Everwood and had supporting roles in the films Wanted, Jennifer's Body, Moneyball, Zero Dark Thirty, and Her",
  "gender": "male",
  "avatar": {
    "url": "https://res.cloudinary.com/docnb0hst/image/upload/v1673452432/qsojp5xjfprcazi1jwf0.jpg",
    "public_id": "qsojp5xjfprcazi1jwf0"
  },
  "createdAt": {
    "$date": {
      "$numberLong": "1673452433634"
    }
  },
  "updatedAt": {
    "$date": {
      "$numberLong": "1673524122406"
    }
  },
  "__v": 0
},{
  "_id": {
    "$oid": "63c5a84d09570bc8fc7e014c"
  },
  "name": "Jennifer Aniston",
  "about": "Jennifer Joanna Aniston is an American actress and film producer. She is the recipient of various accolades, including a Primetime Emmy Award, a Golden Globe Award and two Screen Actors Guild Awards. Since her career progressed in the 1990s, she has become one of the world's highest-paid actresses.",
  "gender": "female",
  "avatar": {
    "url": "https://res.cloudinary.com/docnb0hst/image/upload/v1673898062/nf5nviypdclwnadjc06y.jpg",
    "public_id": "nf5nviypdclwnadjc06y"
  },
  "createdAt": {
    "$date": {
      "$numberLong": "1673898063026"
    }
  },
  "updatedAt": {
    "$date": {
      "$numberLong": "1673898063026"
    }
  },
  "__v": 0
},{
  "_id": {
    "$oid": "63c5a89709570bc8fc7e014f"
  },
  "name": "Lisa Kudrow",
  "about": "Lisa Valerie Kudrow is an American actress, producer, and screenwriter. She rose to fame for her role as Phoebe Buffay in the sitcom Friends, which has since been named one of the greatest television characters of all time.",
  "gender": "female",
  "avatar": {
    "url": "https://res.cloudinary.com/docnb0hst/image/upload/v1673898136/gim7mjsobymivupggw8o.jpg",
    "public_id": "gim7mjsobymivupggw8o"
  },
  "createdAt": {
    "$date": {
      "$numberLong": "1673898136901"
    }
  },
  "updatedAt": {
    "$date": {
      "$numberLong": "1673898136901"
    }
  },
  "__v": 0
},{
  "_id": {
    "$oid": "63c5a8d209570bc8fc7e0152"
  },
  "name": "David Schwimmer",
  "about": "David Lawrence Schwimmer is an American actor, director and producer. He gained worldwide recognition for portraying Ross Geller in the sitcom Friends, for which he received a Screen Actors Guild Award and a Primetime Emmy Award nomination for Outstanding Supporting Actor in a Comedy Series in 1995.",
  "gender": "male",
  "avatar": {
    "url": "https://res.cloudinary.com/docnb0hst/image/upload/v1673898195/loq4cs58cd2ctvhuqezc.jpg",
    "public_id": "loq4cs58cd2ctvhuqezc"
  },
  "createdAt": {
    "$date": {
      "$numberLong": "1673898196400"
    }
  },
  "updatedAt": {
    "$date": {
      "$numberLong": "1673898196400"
    }
  },
  "__v": 0
},{
  "_id": {
    "$oid": "63c5a8ff09570bc8fc7e0155"
  },
  "name": "Matthew Perry",
  "about": "Matthew Langford Perry is an American-Canadian actor, comedian and producer. He is best known for his role as Chandler Bing on the NBC television sitcom Friends.",
  "gender": "male",
  "avatar": {
    "url": "https://res.cloudinary.com/docnb0hst/image/upload/v1673898240/roepiwv4p8wa1r3iv8gu.jpg",
    "public_id": "roepiwv4p8wa1r3iv8gu"
  },
  "createdAt": {
    "$date": {
      "$numberLong": "1673898240904"
    }
  },
  "updatedAt": {
    "$date": {
      "$numberLong": "1673898240904"
    }
  },
  "__v": 0
},{
  "_id": {
    "$oid": "63c5a92f09570bc8fc7e0158"
  },
  "name": "Courtney Cox",
  "about": "Courteney Bass Cox is an American actress and filmmaker. She gained international recognition for her starring role as Monica Geller on the NBC sitcom Friends, which aired from 1994 to 2004. For her performance in the series, she received seven Screen Actors Guild Award nominations, of which she won one.",
  "gender": "female",
  "avatar": {
    "url": "https://res.cloudinary.com/docnb0hst/image/upload/v1673898288/nge3yxuudwoh1sjwywd8.jpg",
    "public_id": "nge3yxuudwoh1sjwywd8"
  },
  "createdAt": {
    "$date": {
      "$numberLong": "1673898288795"
    }
  },
  "updatedAt": {
    "$date": {
      "$numberLong": "1673898288795"
    }
  },
  "__v": 0
},{
  "_id": {
    "$oid": "63c5a95f09570bc8fc7e015b"
  },
  "name": "Matt LeBlanc",
  "about": "Matthew Steven LeBlanc is an American actor. He garnered global recognition with his portrayal of Joey Tribbiani in the NBC sitcom Friends and in its spin-off series, Joey. For his work on Friends, LeBlanc received three nominations at the Primetime Emmy Awards.",
  "gender": "male",
  "avatar": {
    "url": "https://res.cloudinary.com/docnb0hst/image/upload/v1673898336/cn3smsmsmjlllmnelqja.jpg",
    "public_id": "cn3smsmsmjlllmnelqja"
  },
  "createdAt": {
    "$date": {
      "$numberLong": "1673898336634"
    }
  },
  "updatedAt": {
    "$date": {
      "$numberLong": "1673898336634"
    }
  },
  "__v": 0
},{
  "_id": {
    "$oid": "63c5a99f09570bc8fc7e015e"
  },
  "name": "David Crane",
  "about": "David Crane is an American writer and producer. He is best known as one of the co-creators of the television sitcoms Friends and Episodes",
  "gender": "male",
  "avatar": {
    "url": "https://res.cloudinary.com/docnb0hst/image/upload/v1673898400/amtsrir8foin1vodsev9.jpg",
    "public_id": "amtsrir8foin1vodsev9"
  },
  "createdAt": {
    "$date": {
      "$numberLong": "1673898400989"
    }
  },
  "updatedAt": {
    "$date": {
      "$numberLong": "1673898400989"
    }
  },
  "__v": 0
}]