[{
  "_id": {
    "$oid": "63bc2ec9adc7f243cc378e37"
  },
  "title": "Titanic",
  "storyLine": "Seventeen-year-old Rose hails from an aristocratic family and is set to be married. When she boards the Titanic, she meets Jack Dawson, an artist, and falls in love with him.",
  "releseDate": {
    "$date": {
      "$numberLong": "882489600000"
    }
  },
  "status": "public",
  "type": "Film",
  "genres": [
    "Drama",
    "Romance"
  ],
  "tags": [
    "love story",
    "romance"
  ],
  "cast": [
    {
      "actor": {
        "$oid": "63bac4438b2c84170b0cc4d5"
      },
      "roleAs": "Jack",
      "leadActor": true,
      "_id": {
        "$oid": "63bc2ec9adc7f243cc378e38"
      }
    },
    {
      "actor": {
        "$oid": "63bc2ebaadc7f243cc378e32"
      },
      "roleAs": "Rose",
      "leadActor": false,
      "_id": {
        "$oid": "63bc2ec9adc7f243cc378e39"
      }
    }
  ],
  "writers": [
    {
      "$oid": "63bc2e39adc7f243cc378e21"
    }
  ],
  "trailer": {
    "url": "https://res.cloudinary.com/docnb0hst/video/upload/v1673276726/jgtxdsoka8mqajpawfob.mp4",
    "public_id": "jgtxdsoka8mqajpawfob"
  },
  "reviews": [
    {
      "$oid": "63c7f20dc5f09e48ea10815e"
    }
  ],
  "language": "English",
  "director": {
    "$oid": "63bc2e39adc7f243cc378e21"
  },
  "poster": {
    "url": "https://res.cloudinary.com/docnb0hst/image/upload/v1673277130/lx7qrxtp6iik3hal2njn.jpg",
    "public_id": "lx7qrxtp6iik3hal2njn",
    "responsive": [
      "https://res.cloudinary.com/docnb0hst/image/upload/c_scale,w_640/v1673277130/lx7qrxtp6iik3hal2njn.jpg",
      "https://res.cloudinary.com/docnb0hst/image/upload/c_scale,w_541/v1673277130/lx7qrxtp6iik3hal2njn.jpg",
      "https://res.cloudinary.com/docnb0hst/image/upload/c_scale,w_50/v1673277130/lx7qrxtp6iik3hal2njn.jpg"
    ]
  },
  "createdAt": {
    "$date": {
      "$numberLong": "1673277132561"
    }
  },
  "updatedAt": {
    "$date": {
      "$numberLong": "1674048013925"
    }
  },
  "__v": 1
},{
  "_id": {
    "$oid": "63bc312cadc7f243cc378e49"
  },
  "title": "Top Gun: Maverick",
  "storyLine": "Thirty years of service leads Maverick to train a group of elite TOPGUN graduates to prepare for a high-profile mission while Maverick battles his past demons.",
  "releseDate": {
    "$date": {
      "$numberLong": "1653609600000"
    }
  },
  "status": "public",
  "type": "Film",
  "genres": [
    "Action",
    "Adventure"
  ],
  "tags": [
    "action"
  ],
  "cast": [
    {
      "actor": {
        "$oid": "63babff867916856892e614a"
      },
      "roleAs": "Maverick",
      "leadActor": true,
      "_id": {
        "$oid": "63bc312cadc7f243cc378e4a"
      }
    }
  ],
  "writers": [
    {
      "$oid": "63bc3070adc7f243cc378e3c"
    }
  ],
  "trailer": {
    "url": "https://res.cloudinary.com/docnb0hst/video/upload/v1673277629/rq0rbjjd2afj9dfqjnru.mp4",
    "public_id": "rq0rbjjd2afj9dfqjnru"
  },
  "reviews": [
    {
      "$oid": "63c7f26cc5f09e48ea1081c8"
    }
  ],
  "language": "English",
  "director": {
    "$oid": "63bc3070adc7f243cc378e3c"
  },
  "poster": {
    "url": "https://res.cloudinary.com/docnb0hst/image/upload/v1673277742/clhzp6akgxkkdsn8myev.jpg",
    "public_id": "clhzp6akgxkkdsn8myev",
    "responsive": [
      "https://res.cloudinary.com/docnb0hst/image/upload/c_scale,w_640/v1673277742/clhzp6akgxkkdsn8myev.jpg",
      "https://res.cloudinary.com/docnb0hst/image/upload/c_scale,w_532/v1673277742/clhzp6akgxkkdsn8myev.jpg",
      "https://res.cloudinary.com/docnb0hst/image/upload/c_scale,w_50/v1673277742/clhzp6akgxkkdsn8myev.jpg"
    ]
  },
  "createdAt": {
    "$date": {
      "$numberLong": "1673277743764"
    }
  },
  "updatedAt": {
    "$date": {
      "$numberLong": "1674048108534"
    }
  },
  "__v": 1
},{
  "_id": {
    "$oid": "63bed9709e83dd96c6bdb55e"
  },
  "title": "The Wolf of Wall Street",
  "storyLine": "Introduced to life in the fast lane through stockbroking, Jordan Belfort takes a hit after a Wall Street crash. He teams up with Donnie Azoff, cheating his way to the top as his relationships slide.",
  "releseDate": {
    "$date": {
      "$numberLong": "1388707200000"
    }
  },
  "status": "public",
  "type": "Film",
  "genres": [
    "Comedy",
    "Drama"
  ],
  "tags": [
    "Drama",
    "Comedy"
  ],
  "cast": [
    {
      "actor": {
        "$oid": "63bac4438b2c84170b0cc4d5"
      },
      "roleAs": "Jordan",
      "leadActor": true,
      "_id": {
        "$oid": "63bed9709e83dd96c6bdb55f"
      }
    },
    {
      "actor": {
        "$oid": "63bed7d39e83dd96c6bdb545"
      },
      "roleAs": "Naomi",
      "leadActor": false,
      "_id": {
        "$oid": "63bed9709e83dd96c6bdb560"
      }
    }
  ],
  "writers": [
    {
      "$oid": "63bed86b9e83dd96c6bdb54b"
    }
  ],
  "trailer": {
    "url": "https://res.cloudinary.com/docnb0hst/video/upload/v1673451730/misvh6t0gitn1kbtxnzs.mp4",
    "public_id": "misvh6t0gitn1kbtxnzs"
  },
  "reviews": [],
  "language": "English",
  "director": {
    "$oid": "63bed86b9e83dd96c6bdb54b"
  },
  "poster": {
    "url": "https://res.cloudinary.com/docnb0hst/image/upload/v1673451889/djlgtfjgheigl14cqdia.jpg",
    "public_id": "djlgtfjgheigl14cqdia",
    "responsive": [
      "https://res.cloudinary.com/docnb0hst/image/upload/c_scale,w_640/v1673451889/djlgtfjgheigl14cqdia.jpg",
      "https://res.cloudinary.com/docnb0hst/image/upload/c_scale,w_465/v1673451889/djlgtfjgheigl14cqdia.jpg",
      "https://res.cloudinary.com/docnb0hst/image/upload/c_scale,w_50/v1673451889/djlgtfjgheigl14cqdia.jpg"
    ]
  },
  "createdAt": {
    "$date": {
      "$numberLong": "1673451891550"
    }
  },
  "updatedAt": {
    "$date": {
      "$numberLong": "1673451891550"
    }
  },
  "__v": 0
},{
  "_id": {
    "$oid": "63beda1b9e83dd96c6bdb580"
  },
  "title": "Once Upon a Time in Hollywood",
  "storyLine": "Rick, a washed-out actor, and Cliff, his stunt double, struggle to recapture fame and success in 1960s Los Angeles. In their mission, they must tackle several twists and turns.",
  "releseDate": {
    "$date": {
      "$numberLong": "1564099200000"
    }
  },
  "status": "public",
  "type": "Film",
  "genres": [
    "Comedy",
    "Drama"
  ],
  "tags": [
    "drama",
    "leonardo"
  ],
  "cast": [
    {
      "actor": {
        "$oid": "63bac4438b2c84170b0cc4d5"
      },
      "roleAs": "Rick",
      "leadActor": true,
      "_id": {
        "$oid": "63beda1b9e83dd96c6bdb581"
      }
    },
    {
      "actor": {
        "$oid": "63bac5498b2c84170b0cc4db"
      },
      "roleAs": "cliff",
      "leadActor": true,
      "_id": {
        "$oid": "63beda1b9e83dd96c6bdb582"
      }
    },
    {
      "actor": {
        "$oid": "63bed7d39e83dd96c6bdb545"
      },
      "roleAs": "sharon",
      "leadActor": false,
      "_id": {
        "$oid": "63beda1b9e83dd96c6bdb583"
      }
    }
  ],
  "writers": [
    {
      "$oid": "63bed8199e83dd96c6bdb548"
    }
  ],
  "trailer": {
    "url": "https://res.cloudinary.com/docnb0hst/video/upload/v1673451926/sjpb8lhe4lynyadwpogk.mp4",
    "public_id": "sjpb8lhe4lynyadwpogk"
  },
  "reviews": [
    {
      "$oid": "63c7f27cc5f09e48ea1081f6"
    }
  ],
  "language": "English",
  "director": {
    "$oid": "63bed8199e83dd96c6bdb548"
  },
  "poster": {
    "url": "https://res.cloudinary.com/docnb0hst/image/upload/v1673452059/dzsluskej9z2pncozi6m.jpg",
    "public_id": "dzsluskej9z2pncozi6m",
    "responsive": [
      "https://res.cloudinary.com/docnb0hst/image/upload/c_scale,w_640/v1673452059/dzsluskej9z2pncozi6m.jpg",
      "https://res.cloudinary.com/docnb0hst/image/upload/c_scale,w_498/v1673452059/dzsluskej9z2pncozi6m.jpg",
      "https://res.cloudinary.com/docnb0hst/image/upload/c_scale,w_50/v1673452059/dzsluskej9z2pncozi6m.jpg"
    ]
  },
  "createdAt": {
    "$date": {
      "$numberLong": "1673452062037"
    }
  },
  "updatedAt": {
    "$date": {
      "$numberLong": "1674048124652"
    }
  },
  "__v": 1
},{
  "_id": {
    "$oid": "63bedd1a9e83dd96c6bdb5b7"
  },
  "title": "The Hunger Games",
  "storyLine": "Katniss volunteers to replace her sister in a tournament that ends only when one participant remains. Pitted against contestants who have trained for this all their life, she has little to rely on",
  "releseDate": {
    "$date": {
      "$numberLong": "1332460800000"
    }
  },
  "status": "public",
  "type": "Film",
  "genres": [
    "Action",
    "Sci-Fi"
  ],
  "tags": [
    "action",
    "sci-fi"
  ],
  "cast": [
    {
      "actor": {
        "$oid": "63bac1c58b2c84170b0cc4d2"
      },
      "roleAs": "katniss",
      "leadActor": true,
      "_id": {
        "$oid": "63bedd1a9e83dd96c6bdb5b8"
      }
    }
  ],
  "writers": [
    {
      "$oid": "63bedab09e83dd96c6bdb593"
    }
  ],
  "trailer": {
    "url": "https://res.cloudinary.com/docnb0hst/video/upload/v1673452784/yvygz0spfucuaaf6lfxk.mp4",
    "public_id": "yvygz0spfucuaaf6lfxk"
  },
  "reviews": [],
  "language": "English",
  "director": {
    "$oid": "63bedab09e83dd96c6bdb593"
  },
  "poster": {
    "url": "https://res.cloudinary.com/docnb0hst/image/upload/v1673452827/fuws3xyw8nhgbjw3xxhl.jpg",
    "public_id": "fuws3xyw8nhgbjw3xxhl",
    "responsive": [
      "https://res.cloudinary.com/docnb0hst/image/upload/c_scale,w_640/v1673452827/fuws3xyw8nhgbjw3xxhl.jpg",
      "https://res.cloudinary.com/docnb0hst/image/upload/c_scale,w_534/v1673452827/fuws3xyw8nhgbjw3xxhl.jpg",
      "https://res.cloudinary.com/docnb0hst/image/upload/c_scale,w_50/v1673452827/fuws3xyw8nhgbjw3xxhl.jpg"
    ]
  },
  "createdAt": {
    "$date": {
      "$numberLong": "1673452829344"
    }
  },
  "updatedAt": {
    "$date": {
      "$numberLong": "1673452829344"
    }
  },
  "__v": 0
},{
  "_id": {
    "$oid": "63bede1f9e83dd96c6bdb600"
  },
  "title": "Passengers",
  "storyLine": "During a voyage to a distant planet, Jim's hypersleep pod malfunctions which wakes him up. So, he and fellow passenger work together to prevent their spaceship from meeting with a disaster.",
  "releseDate": {
    "$date": {
      "$numberLong": "1482278400000"
    }
  },
  "status": "public",
  "type": "Film",
  "genres": [
    "Sci-Fi",
    "Romance"
  ],
  "tags": [
    "sci-fi",
    "chris pratt"
  ],
  "cast": [
    {
      "actor": {
        "$oid": "63bedb909e83dd96c6bdb59c"
      },
      "roleAs": "Jim",
      "leadActor": true,
      "_id": {
        "$oid": "63bede1f9e83dd96c6bdb601"
      }
    },
    {
      "actor": {
        "$oid": "63bac1c58b2c84170b0cc4d2"
      },
      "roleAs": "Aurora",
      "leadActor": true,
      "_id": {
        "$oid": "63bede1f9e83dd96c6bdb602"
      }
    }
  ],
  "writers": [
    {
      "$oid": "63bedb669e83dd96c6bdb599"
    }
  ],
  "trailer": {
    "url": "https://res.cloudinary.com/docnb0hst/video/upload/v1673453021/tgqk3eh2zwhfvseruzsx.mp4",
    "public_id": "tgqk3eh2zwhfvseruzsx"
  },
  "reviews": [],
  "language": "English",
  "director": {
    "$oid": "63bedb669e83dd96c6bdb599"
  },
  "poster": {
    "url": "https://res.cloudinary.com/docnb0hst/image/upload/v1673453088/pa2ianieyrpzfrzphx1v.jpg",
    "public_id": "pa2ianieyrpzfrzphx1v",
    "responsive": [
      "https://res.cloudinary.com/docnb0hst/image/upload/c_scale,w_640/v1673453088/pa2ianieyrpzfrzphx1v.jpg",
      "https://res.cloudinary.com/docnb0hst/image/upload/c_scale,w_50/v1673453088/pa2ianieyrpzfrzphx1v.jpg"
    ]
  },
  "createdAt": {
    "$date": {
      "$numberLong": "1673453090363"
    }
  },
  "updatedAt": {
    "$date": {
      "$numberLong": "1673453090363"
    }
  },
  "__v": 0
},{
  "_id": {
    "$oid": "63bedeba9e83dd96c6bdb62e"
  },
  "title": "The Imitation Game",
  "storyLine": "Alan Turing, a British mathematician, joins the cryptography team to decipher the German enigma code. With the help of his fellow mathematicians, he builds a machine to crack the codes.",
  "releseDate": {
    "$date": {
      "$numberLong": "1411862400000"
    }
  },
  "status": "public",
  "type": "Film",
  "genres": [
    "War",
    "Drama"
  ],
  "tags": [
    "War",
    "Drama",
    "Benedict"
  ],
  "cast": [
    {
      "actor": {
        "$oid": "63bedaed9e83dd96c6bdb596"
      },
      "roleAs": "Alan Turing",
      "leadActor": true,
      "_id": {
        "$oid": "63c334a4d1071420a045efa5"
      }
    },
    {
      "actor": {
        "$oid": "63bac5058b2c84170b0cc4d8"
      },
      "roleAs": "Joan",
      "leadActor": true,
      "_id": {
        "$oid": "63c334a4d1071420a045efa6"
      }
    }
  ],
  "writers": [
    {
      "$oid": "63bedb669e83dd96c6bdb599"
    }
  ],
  "trailer": {
    "url": "https://res.cloudinary.com/docnb0hst/video/upload/v1673453114/crxy0dalrp0rau2lwdfa.mp4",
    "public_id": "crxy0dalrp0rau2lwdfa"
  },
  "reviews": [],
  "language": "English",
  "director": {
    "$oid": "63bedb669e83dd96c6bdb599"
  },
  "poster": {
    "url": "https://res.cloudinary.com/docnb0hst/image/upload/v1673453244/gntyr69ulybbx5axy9cm.jpg",
    "public_id": "gntyr69ulybbx5axy9cm",
    "responsive": [
      "https://res.cloudinary.com/docnb0hst/image/upload/c_scale,w_640/v1673453244/gntyr69ulybbx5axy9cm.jpg",
      "https://res.cloudinary.com/docnb0hst/image/upload/c_scale,w_588/v1673453244/gntyr69ulybbx5axy9cm.jpg",
      "https://res.cloudinary.com/docnb0hst/image/upload/c_scale,w_50/v1673453244/gntyr69ulybbx5axy9cm.jpg"
    ]
  },
  "createdAt": {
    "$date": {
      "$numberLong": "1673453246111"
    }
  },
  "updatedAt": {
    "$date": {
      "$numberLong": "1673737380167"
    }
  },
  "__v": 7
},{
  "_id": {
    "$oid": "63c5aa7609570bc8fc7e0173"
  },
  "title": "FRIENDS",
  "storyLine": "Follow the lives of six reckless adults living in Manhattan, as they indulge in adventures which make their lives both troublesome and happening.",
  "releseDate": {
    "$date": {
      "$numberLong": "780192000000"
    }
  },
  "status": "public",
  "type": "Web Series",
  "genres": [
    "Comedy"
  ],
  "tags": [
    "friends",
    "sitcom"
  ],
  "cast": [
    {
      "actor": {
        "$oid": "63c5a84d09570bc8fc7e014c"
      },
      "roleAs": "rachel",
      "leadActor": false,
      "_id": {
        "$oid": "63c5aa7609570bc8fc7e0174"
      }
    },
    {
      "actor": {
        "$oid": "63c5a89709570bc8fc7e014f"
      },
      "roleAs": "phoebe",
      "leadActor": false,
      "_id": {
        "$oid": "63c5aa7609570bc8fc7e0175"
      }
    },
    {
      "actor": {
        "$oid": "63c5a92f09570bc8fc7e0158"
      },
      "roleAs": "monica",
      "leadActor": false,
      "_id": {
        "$oid": "63c5aa7609570bc8fc7e0176"
      }
    },
    {
      "actor": {
        "$oid": "63c5a8ff09570bc8fc7e0155"
      },
      "roleAs": "chandler",
      "leadActor": false,
      "_id": {
        "$oid": "63c5aa7609570bc8fc7e0177"
      }
    },
    {
      "actor": {
        "$oid": "63c5a95f09570bc8fc7e015b"
      },
      "roleAs": "joey",
      "leadActor": false,
      "_id": {
        "$oid": "63c5aa7609570bc8fc7e0178"
      }
    },
    {
      "actor": {
        "$oid": "63c5a8d209570bc8fc7e0152"
      },
      "roleAs": "ross",
      "leadActor": false,
      "_id": {
        "$oid": "63c5aa7609570bc8fc7e0179"
      }
    }
  ],
  "writers": [
    {
      "$oid": "63c5a99f09570bc8fc7e015e"
    }
  ],
  "trailer": {
    "url": "https://res.cloudinary.com/docnb0hst/video/upload/v1673897790/g0xab3grebc4kzkucns7.mp4",
    "public_id": "g0xab3grebc4kzkucns7"
  },
  "reviews": [
    {
      "$oid": "63c7f24cc5f09e48ea10819f"
    }
  ],
  "language": "English",
  "director": {
    "$oid": "63c5a99f09570bc8fc7e015e"
  },
  "poster": {
    "url": "https://res.cloudinary.com/docnb0hst/image/upload/v1673898615/gnsngxqv0ks2rlch5jbh.jpg",
    "public_id": "gnsngxqv0ks2rlch5jbh",
    "responsive": [
      "https://res.cloudinary.com/docnb0hst/image/upload/c_scale,w_640/v1673898615/gnsngxqv0ks2rlch5jbh.jpg",
      "https://res.cloudinary.com/docnb0hst/image/upload/c_scale,w_50/v1673898615/gnsngxqv0ks2rlch5jbh.jpg"
    ]
  },
  "createdAt": {
    "$date": {
      "$numberLong": "1673898617546"
    }
  },
  "updatedAt": {
    "$date": {
      "$numberLong": "1674048076186"
    }
  },
  "__v": 1
}]